INSERT INTO Categories (CategoryID, CategoryName)
VALUES ('C001', 'DSLR Cameras'),
       ('C002', 'Mirrorless Cameras'),
       ('C003', 'Point and Shoot Cameras'),
       ('C004', 'Action Cameras'),
       ('C005', '360-degree Cameras'),
       ('C006', 'Camcorders'),
       ('C007', 'Drones'),
       ('C008', 'Camera Lenses'),
       ('C009', 'Lens Filters'),
       ('C010', 'Tripods'),
       ('C011', 'Camera Bags'),
       ('C012', 'Lighting & Studio Equipment'),
       ('C013', 'Memory Cards'),
       ('C014', 'Batteries & Chargers'),
       ('C015', 'Film Cameras'),
       ('C016', 'Photo Printers'),
       ('C017', 'Other Accessories'),
       ('C018', 'Surveillance Cameras'),
       ('C019', 'Underwater Cameras'),
       ('C020', 'Thermal Cameras');
INSERT INTO Supplier (SupplierID, SupplierName, Address, Email, PhoneNumber)
VALUES ('SUP001', 'Công ty ABC', '123 Đường Lê Lợi, Quận 1, TP.HCM', 'contact@abc.vn', '01234567890'),
       ('SUP002', 'Công ty XYZ', '456 Đường Nguyễn Huệ, Quận 1, TP.HCM', 'support@xyz.vn', '09876543210'),
       ('SUP003', 'Công ty DEF', '789 Đường Điện Biên Phủ, Quận 3, TP.HCM', 'info@def.vn', '01122334455'),
       ('SUP004', 'Nhà cung cấp GHI', '101 Đường Hai Bà Trưng, Quận 3, TP.HCM', 'service@ghi.vn', '02233445566'),
       ('SUP005', 'Công ty JKL', '202 Đường Phạm Ngũ Lão, Quận 1, TP.HCM', 'sales@jkl.vn', '03344556677'),
       ('SUP006', 'Nhà phân phối MNO', '303 Đường Lý Tự Trọng, Quận 1, TP.HCM', 'hello@mno.vn', '04455667788'),
       ('SUP007', 'Công ty PQR', '404 Đường Trần Hưng Đạo, Quận 5, TP.HCM', 'contact@pqr.vn', '05566778899'),
       ('SUP008', 'Công ty STU', '505 Đường Cộng Hòa, Quận Tân Bình, TP.HCM', 'help@stu.vn', '06677889900'),
       ('SUP009', 'Công ty VWX', '606 Đường Lê Đại Hành, Quận 11, TP.HCM', 'inquiry@vwx.vn', '07788990011'),
       ('SUP010', 'Nhà sản xuất YZA', '707 Đường Hồng Bàng, Quận 5, TP.HCM', 'admin@yza.vn', '08899001122'),
       ('SUP011', 'Nhà cung cấp BCD', '808 Đường Phạm Văn Đồng, Quận Bình Thạnh, TP.HCM', 'office@bcd.vn',
        '09900112233'),
       ('SUP012', 'Công ty EFG', '909 Đường Nguyễn Trãi, Quận 5, TP.HCM', 'contact@efg.vn', '09011223344'),
       ('SUP013', 'Công ty HIJ', '111 Đường Cách Mạng Tháng 8, Quận 3, TP.HCM', 'mail@hij.vn', '09122334455'),
       ('SUP014', 'Công ty KLM', '222 Đường Lê Văn Sỹ, Quận Phú Nhuận, TP.HCM', 'query@klm.vn', '09233445566'),
       ('SUP015', 'Công ty NOP', '333 Đường Bạch Đằng, Quận Bình Thạnh, TP.HCM', 'support@nop.vn', '09344556677'),
       ('SUP016', 'Công ty QRS', '444 Đường Điện Biên Phủ, Quận 3, TP.HCM', 'info@qrs.vn', '09455667788'),
       ('SUP017', 'Nhà cung cấp TUV', '555 Đường Lê Hồng Phong, Quận 10, TP.HCM', 'support@tuv.vn', '09566778899'),
       ('SUP018', 'Nhà phân phối WXY', '666 Đường Lý Thái Tổ, Quận 10, TP.HCM', 'contact@wxy.vn', '09677889900'),
       ('SUP019', 'Công ty ZAB', '777 Đường 3/2, Quận 10, TP.HCM', 'service@zab.vn', '09788990011'),
       ('SUP020', 'Nhà sản xuất CDE', '888 Đường Trần Quốc Toản, Quận 3, TP.HCM', 'info@cde.vn', '09899001122');


INSERT INTO Customers (CustomerID, CustomerName, Email, Address, PhoneNumber)
VALUES ('CU001', 'John Doe', 'johndoe@email.com', '100 Main St, Anytown', '01234567890'),
       ('CU002', 'Jane Smith', 'janesmith@email.com', '101 First Ave, Othertown', '09876543211'),
       ('CU003', 'Ella Morrison', 'ella.morrison@example.com', '203 Oak St, Lakeview', '02133445566'),
       ('CU004', 'James Wilson', 'james.wilson@example.com', '204 Pine St, Hilltown', '02244556677'),
       ('CU005', 'Charlotte Brown', 'charlotte.brown@example.com', '205 Maple St, Rivertown', '02355667788'),
       ('CU006', 'Logan Thomas', 'logan.thomas@example.com', '206 Cedar St, Sunnyside', '02466778899'),
       ('CU007', 'Sophia Jones', 'sophia.jones@example.com', '207 Elm St, Peachtree', '02577889900'),
       ('CU008', 'Benjamin Garcia', 'benjamin.garcia@example.com', '208 Birch St, Eastview', '02688990011'),
       ('CU009', 'Mia Martinez', 'mia.martinez@example.com', '209 Spruce St, Westwood', '02799001122'),
       ('CU010', 'Lucas Rodriguez', 'lucas.rodriguez@example.com', '210 Oak St, Northgate', '02800112233'),
       ('CU011', 'Amelia Lee', 'amelia.lee@example.com', '211 Pine St, Southbank', '02911223344'),
       ('CU012', 'Mason Anderson', 'mason.anderson@example.com', '212 Maple St, Cliffside', '03022334455'),
       ('CU013', 'Harper Smith', 'harper.smith@example.com', '213 Cedar St, Lakeshore', '03133445566'),
       ('CU014', 'Ethan White', 'ethan.white@example.com', '214 Elm St, Seaport', '03244556677'),
       ('CU015', 'Ava Harris', 'ava.harris@example.com', '215 Birch St, Greenwood', '03355667788'),
       ('CU016', 'Alexander Clark', 'alexander.clark@example.com', '216 Spruce St, Eastlake', '03466778899'),
       ('CU017', 'Abigail Davis', 'abigail.davis@example.com', '217 Oak St, Stoneridge', '03577889900'),
       ('CU018', 'Oliver Martinez', 'oliver.martinez@example.com', '218 Pine St, Brookwood', '03688990011'),
       ('CU019', 'Isabella Lewis', 'isabella.lewis@example.com', '219 Maple St, Crestview', '03799001122'),
       ('CU020', 'William Young', 'william.young@example.com', '220 Cedar St, Highland', '03800112233');

 INSERT INTO Products (ProductID, ProductName, Price, CategoryID, SupplierID)
VALUES 
('P001', 'Nikon D3500 DSLR', 450, 'C001', 'SUP001'),
('P002', 'Canon EOS Rebel SL3', 600, 'C001', 'SUP002'),
('P003', 'Sony Alpha A6100', 750, 'C002', 'SUP003'),
('P004', 'Fujifilm X-T200', 700, 'C002', 'SUP004'),
('P005', 'Olympus OM-D E-M10 Mark III', 550, 'C002', 'SUP005'),
('P006', 'Panasonic Lumix G7', 500, 'C002', 'SUP006'),
('P007', 'GoPro HERO8 Black', 300, 'C004', 'SUP007'),
('P008', 'DJI Osmo Action', 350, 'C004', 'SUP008'),
('P009', 'Insta360 One R', 400, 'C005', 'SUP009'),
('P010', 'Ricoh Theta Z1', 950, 'C005', 'SUP010'),
('P011', 'Canon VIXIA HF G50', 900, 'C006', 'SUP011'),
('P012', 'Sony FDR-AX43', 850, 'C006', 'SUP012'),
('P013', 'Sigma 24-70mm f/2.8 DG DN Art', 1200, 'C008', 'SUP013'),
('P014', 'Tamron 28-75mm f/2.8 Di III RXD', 800, 'C008', 'SUP014'),
('P015', 'Nikon Z50 Mirrorless', 1000, 'C002', 'SUP015'),
('P016', 'Canon EOS M50 Mark II', 680, 'C002', 'SUP016'),
('P017', 'Sony ZV-1', 750, 'C003', 'SUP017'),
('P018', 'Fujifilm Instax Mini 11', 70, 'C015', 'SUP018'),
('P019', 'Polaroid Now', 130, 'C015', 'SUP019'),
('P020', 'Leica Q2 Monochrom', 5500, 'C003', 'SUP020');



INSERT INTO Orders (OrderID, CustomerID, ProductID, OrderDate, PurchaseDate)
VALUES ('O001', 'CU001', 'P001', '2023-07-01', '2023-07-02'),
       ('O002', 'CU002', 'P002', '2023-07-01', '2023-07-03'),
       ('O003', 'CU003', 'P003', '2024-07-10', '2024-07-11'),
       ('O004', 'CU004', 'P004', '2024-07-10', '2024-07-11'),
       ('O005', 'CU005', 'P005', '2024-07-11', '2024-07-12'),
       ('O006', 'CU006', 'P006', '2024-07-11', '2024-07-12'),
       ('O007', 'CU007', 'P007', '2024-07-12', '2024-07-13'),
       ('O008', 'CU008', 'P008', '2024-07-12', '2024-07-13'),
       ('O009', 'CU009', 'P009', '2024-07-13', '2024-07-14'),
       ('O010', 'CU010', 'P010', '2024-07-13', '2024-07-14'),
       ('O011', 'CU011', 'P011', '2024-07-14', '2024-07-15'),
       ('O012', 'CU012', 'P012', '2024-07-14', '2024-07-15'),
       ('O013', 'CU013', 'P013', '2024-07-15', '2024-07-16'),
       ('O014', 'CU014', 'P014', '2024-07-15', '2024-07-16'),
       ('O015', 'CU015', 'P015', '2024-07-16', '2024-07-17'),
       ('O016', 'CU016', 'P016', '2024-07-16', '2024-07-17'),
       ('O017', 'CU017', 'P017', '2024-07-17', '2024-07-18'),
       ('O018', 'CU018', 'P018', '2024-07-17', '2024-07-18'),
       ('O019', 'CU019', 'P019', '2024-07-18', '2024-07-19'),
       ('O020', 'CU020', 'P020', '2024-07-18', '2024-07-19');

INSERT INTO Company (CompanyID, CompanyName, Email)
VALUES ('CO001', 'Ultimate Camera Inc.', 'support@ultimatecam.com'),
       ('CO002', 'Global Optics Ltd.', 'contact@globaloptics.com'),
       ('CO003', 'Visionary Imaging Solutions', 'service@visionaryimaging.com'),
       ('CO004', 'SkyHigh Drones Inc.', 'contact@skyhighdrones.com'),
       ('CO005', 'Rapid Development Co.', 'support@rapiddev.com'),
       ('CO008', 'Capture The Moment Inc.', 'contact@capturemoment.com'),
       ('CO009', 'Optical Excellence Co.', 'support@opticalexcellence.com'),
       ('CO010', 'Vivid Visions Ltd.', 'service@vividvisions.com'),
       ('CO011', 'Focus Factory Inc.', 'info@focusfactory.com'),
       ('CO012', 'LensCraft Studios', 'contact@lenscraftstudios.com'),
       ('CO013', 'Pixel Perfect Imaging', 'support@pixelperfect.com'),
       ('CO014', 'Clarity Corp.', 'service@claritycorp.com'),
       ('CO015', 'Snap Innovations', 'info@snapinnovations.com'),
       ('CO016', 'Visionary Tech Solutions', 'contact@visionarytech.com'),
       ('CO017', 'Ultra Imaging Ltd.', 'support@ultraimaging.com'),
       ('CO018', 'NextGen Camera Co.', 'service@nextgencamera.com'),
       ('CO019', 'ProPhoto Technologies', 'info@prophoto.com'),
       ('CO020', 'Global Cam Tech', 'contact@globalcamtech.com');

INSERT INTO CompanyOfProduct (CompanyID, SupplierID)
VALUES ('CO001', 'SUP001'),
       ('CO001', 'SUP002'),
       ('CO003', 'SUP003'),
       ('CO004', 'SUP004'),
       ('CO005', 'SUP005'),
       ('CO008', 'SUP008'),
       ('CO009', 'SUP009'),
       ('CO010', 'SUP010'),
       ('CO011', 'SUP011'),
       ('CO012', 'SUP012'),
       ('CO013', 'SUP013'),
       ('CO014', 'SUP014'),
       ('CO015', 'SUP015'),
       ('CO016', 'SUP016'),
       ('CO017', 'SUP017'),
       ('CO018', 'SUP018'),
       ('CO019', 'SUP019'),
       ('CO020', 'SUP020');
INSERT INTO Warranty (WarrantyID, ProductID, WarrantyDate, TypeOfWarranty, CompanyID)
VALUES 
       ('W003', 'P003', '2023-07-07', 'Extended 5-Year Warranty', 'CO003'),
       ('W004', 'P004', '2023-07-08', 'Standard 2-Year Warranty', 'CO004'),
       ('W005', 'P005', '2023-07-09', 'Extended 5-Year Warranty', 'CO005'),
      
       ('W008', 'P008', '2023-07-12', 'Standard 2-Year Warranty', 'CO008'),
       ('W009', 'P009', '2023-07-13', 'Extended 5-Year Warranty', 'CO009');

INSERT INTO Employee (EmployeeID, OrderID, EmployeeName, PhoneNumber, Email)
VALUES ('E001', 'O001', 'Alice Johnson', '01234567891', 'alice.j@camstore.com'),
       ('E002', 'O002', 'Bob Smith', '09876543210', 'bob.s@camstore.com'),
       ('E019', 'O001', 'Ava Taylor', '01234567890', 'ava.taylor@example.com'),
       ('E020', 'O002', 'Liam Brown', '01234567891', 'liam.brown@example.com'),
       ('E021', 'O003', 'Olivia Smith', '01234567892', 'olivia.smith@example.com'),
       ('E022', 'O004', 'Noah Johnson', '01234567893', 'noah.johnson@example.com'),
       ('E023', 'O005', 'Emma Williams', '01234567894', 'emma.williams@example.com'),
       ('E024', 'O006', 'Mason Jones', '01234567895', 'mason.jones@example.com'),
       ('E025', 'O007', 'Sophia Garcia', '01234567896', 'sophia.garcia@example.com'),
       ('E026', 'O008', 'Jacob Martinez', '01234567897', 'jacob.martinez@example.com'),
       ('E027', 'O009', 'Isabella Rodriguez', '01234567898', 'isabella.rodriguez@example.com'),
       ('E028', 'O010', 'Ethan Anderson', '01234567899', 'ethan.anderson@example.com'),
       ('E029', 'O011', 'Mia Hernandez', '01234567900', 'mia.hernandez@example.com'),
       ('E030', 'O012', 'Michael Clark', '01234567901', 'michael.clark@example.com'),
       ('E031', 'O013', 'Emily Lewis', '01234567902', 'emily.lewis@example.com'),
       ('E032', 'O014', 'Alexander Walker', '01234567903', 'alexander.walker@example.com'),
       ('E033', 'O015', 'Charlotte Allen', '01234567904', 'charlotte.allen@example.com'),
       ('E034', 'O016', 'Benjamin Young', '01234567905', 'benjamin.young@example.com'),
       ('E035', 'O017', 'Lucas King', '01234567906', 'lucas.king@example.com'),
       ('E036', 'O018', 'Sophie Wright', '01234567907', 'sophie.wright@example.com');

INSERT INTO OrderDetail (OrderDetailID, OrderID, ProductID, Quantity, TotalAmount, ProductUnitPrice) VALUES
('OD001', 'O001', 'P001', 2, 900, 450),
('OD002', 'O002', 'P002', 1, 600, 600),
('OD003', 'O003', 'P003', 3, 2250, 750),
('OD004', 'O004', 'P004', 2, 1400, 700),
('OD005', 'O005', 'P005', 1, 550, 550),
('OD006', 'O006', 'P006', 1, 500, 500),
('OD007', 'O007', 'P007', 4, 1200, 300),
('OD008', 'O008', 'P008', 3, 1050, 350),
('OD009', 'O009', 'P009', 1, 400, 400),
('OD010', 'O010', 'P010', 1, 950, 950),
('OD011', 'O011', 'P011', 1, 900, 900),
('OD012', 'O012', 'P012', 1, 850, 850),
('OD013', 'O013', 'P013', 1, 1200, 1200),
('OD014', 'O014', 'P014', 1, 800, 800),
('OD015', 'O015', 'P015', 1, 1000, 1000),
('OD016', 'O016', 'P016', 2, 1360, 680),
('OD017', 'O017', 'P017', 2, 1500, 750),
('OD018', 'O018', 'P018', 10, 700, 70),
('OD019', 'O019', 'P019', 5, 650, 130),
('OD020', 'O020', 'P020', 1, 5500, 5500);






